epsilon,#edges avg,#edges stdev,#edges min,#edges max,#edges kept avg,#edges kept stdev,#edges kept min,#edges kept max,#disconnected nodes avg,#disconnected nodes stdev,#disconnected nodes min,#disconnected nodes max
0.5,438.9,20.319694879598956,412.0,494.0,3.9,1.445683229480096,1.0,6.0,32.6,4.223742416388575,25.0,40.0
1.0,447.0,29.103264421710495,374.0,489.0,9.6,1.6852299546352716,7.0,12.0,31.5,5.783597496368502,21.0,43.0
5.0,440.0,16.34625339336204,404.0,467.0,223.1,10.511422358558333,206.0,236.0,20.6,3.2619012860600183,16.0,26.0
10.0,440.9,22.496444163467256,420.0,488.0,193.1,6.024118192731613,183.0,203.0,21.4,3.1368774282716245,14.0,25.0
15.0,434.7,16.08135566424672,411.0,467.0,192.6,10.489995233554684,178.0,207.0,23.9,4.459820624195552,16.0,29.0
30.0,435.5,20.563316853076014,406.0,472.0,197.7,7.4973328590906245,189.0,212.0,20.6,3.32264954516723,13.0,26.0
